reach_threshold,budget,channel,channel_mix,effect_score
1plus,0,tv_ads,0.0,0.0
1plus,1000000,tv_ads,0.664934367,0.329416039
1plus,2000000,tv_ads,0.801012917,0.457616747
1plus,3000000,tv_ads,0.86055166,0.538507344
1plus,4000000,tv_ads,0.893626684,0.594269997
1plus,5000000,tv_ads,0.914467183,0.634518258
1plus,6000000,tv_ads,0.928664165,0.66444193
1plus,7000000,tv_ads,0.938895492,0.687175478
1plus,8000000,tv_ads,0.946619959,0.704818644
1plus,9000000,tv_ads,0.952636584,0.718744459
1plus,10000000,tv_ads,0.957445797,0.729905011
1plus,11000000,tv_ads,0.961368506,0.73897337
1plus,12000000,tv_ads,0.964620932,0.74643505
1plus,13000000,tv_ads,0.967356232,0.752647901
1plus,14000000,tv_ads,0.96968493,0.757878985
1plus,15000000,tv_ads,0.971688572,0.762329809
1plus,16000000,tv_ads,0.973429105,0.766153944
1plus,17000000,tv_ads,0.974952916,0.769469527
1plus,18000000,tv_ads,0.976296692,0.772368258
1plus,19000000,tv_ads,0.977489447,0.774921934
1plus,20000000,tv_ads,0.97855409,0.777187252
1plus,0,avod_ads,0.0,0.0
1plus,1000000,avod_ads,0.664934367,0.470699317
1plus,2000000,avod_ads,0.801012917,0.565473681
1plus,3000000,avod_ads,0.86055166,0.606663863
1plus,4000000,avod_ads,0.893626684,0.62899469
1plus,5000000,avod_ads,0.914467183,0.642745064
1plus,6000000,avod_ads,0.928664165,0.652046656
1plus,7000000,avod_ads,0.938895492,0.658753541
1plus,8000000,avod_ads,0.946619959,0.663794247
1plus,9000000,avod_ads,0.952636584,0.667700097
1plus,10000000,avod_ads,0.957445797,0.670796919
1plus,11000000,avod_ads,0.961368506,0.673295634
1plus,12000000,avod_ads,0.964620932,0.675338895
1plus,13000000,avod_ads,0.967356232,0.677026959
1plus,14000000,avod_ads,0.96968493,0.678441606
1plus,15000000,avod_ads,0.971688572,0.679641244
1plus,16000000,avod_ads,0.973429105,0.680666273
1plus,17000000,avod_ads,0.974952916,0.681547888
1plus,18000000,avod_ads,0.976296692,0.682310567
1plus,19000000,avod_ads,0.977489447,0.682973793
1plus,20000000,avod_ads,0.97855409,0.683553266
1plus,0,outdoor_billboards_and_posters,0.0,0.0
1plus,1000000,outdoor_billboards_and_posters,0.664934367,0.222094426
1plus,2000000,outdoor_billboards_and_posters,0.801012917,0.315260306
1plus,3000000,outdoor_billboards_and_posters,0.86055166,0.372971493
1plus,4000000,outdoor_billboards_and_posters,0.893626684,0.413809256
1plus,5000000,outdoor_billboards_and_posters,0.914467183,0.444510177
1plus,6000000,outdoor_billboards_and_posters,0.928664165,0.468584609
1plus,7000000,outdoor_billboards_and_posters,0.938895492,0.488424921
1plus,8000000,outdoor_billboards_and_posters,0.946619959,0.505224277
1plus,9000000,outdoor_billboards_and_posters,0.952636584,0.519692601
1plus,10000000,outdoor_billboards_and_posters,0.957445797,0.532313502
1plus,11000000,outdoor_billboards_and_posters,0.961368506,0.543431924
1plus,12000000,outdoor_billboards_and_posters,0.964620932,0.553303456
1plus,13000000,outdoor_billboards_and_posters,0.967356232,0.56212358
1plus,14000000,outdoor_billboards_and_posters,0.96968493,0.570045803
1plus,15000000,outdoor_billboards_and_posters,0.971688572,0.577193357
1plus,16000000,outdoor_billboards_and_posters,0.973429105,0.583666996
1plus,17000000,outdoor_billboards_and_posters,0.974952916,0.589550361
1plus,18000000,outdoor_billboards_and_posters,0.976296692,0.594913756
1plus,19000000,outdoor_billboards_and_posters,0.977489447,0.599816899
1plus,20000000,outdoor_billboards_and_posters,0.97855409,0.604310943
1plus,0,outdoor_video_screen_ads,0.0,0.0
1plus,1000000,outdoor_video_screen_ads,0.664934367,0.198748273
1plus,2000000,outdoor_video_screen_ads,0.801012917,0.279669803
1plus,3000000,outdoor_video_screen_ads,0.86055166,0.331839346
1plus,4000000,outdoor_video_screen_ads,0.893626684,0.369747856
1plus,5000000,outdoor_video_screen_ads,0.914467183,0.399075766
1plus,6000000,outdoor_video_screen_ads,0.928664165,0.423199147
1plus,7000000,outdoor_video_screen_ads,0.938895492,0.443508352
1plus,8000000,outdoor_video_screen_ads,0.946619959,0.460873984
1plus,9000000,outdoor_video_screen_ads,0.952636584,0.4758904
1plus,10000000,outdoor_video_screen_ads,0.957445797,0.488986799
1plus,11000000,outdoor_video_screen_ads,0.961368506,0.500486602
1plus,12000000,outdoor_video_screen_ads,0.964620932,0.510641551
1plus,13000000,outdoor_video_screen_ads,0.967356232,0.519652475
1plus,14000000,outdoor_video_screen_ads,0.96968493,0.527682618
1plus,15000000,outdoor_video_screen_ads,0.971688572,0.534866575
1plus,16000000,outdoor_video_screen_ads,0.973429105,0.541316544
1plus,17000000,outdoor_video_screen_ads,0.974952916,0.547126857
1plus,18000000,outdoor_video_screen_ads,0.976296692,0.552377369
1plus,19000000,outdoor_video_screen_ads,0.977489447,0.557136062
1plus,20000000,outdoor_video_screen_ads,0.97855409,0.561461085
1plus,0,internet_ads,0.0,0.0
1plus,1000000,internet_ads,0.664934367,0.559483891
1plus,2000000,internet_ads,0.801012917,0.669062121
1plus,3000000,internet_ads,0.86055166,0.712530016
1plus,4000000,internet_ads,0.893626684,0.734045338
1plus,5000000,internet_ads,0.914467183,0.74608916
1plus,6000000,internet_ads,0.928664165,0.75340957
1plus,7000000,internet_ads,0.938895492,0.758127942
1plus,8000000,internet_ads,0.946619959,0.761307987
1plus,9000000,internet_ads,0.952636584,0.763528328
1plus,10000000,internet_ads,0.957445797,0.765123842
1plus,11000000,internet_ads,0.961368506,0.766298117
1plus,12000000,internet_ads,0.964620932,0.767180007
1plus,13000000,internet_ads,0.967356232,0.767853867
1plus,14000000,internet_ads,0.96968493,0.768376542
1plus,15000000,internet_ads,0.971688572,0.768787304
1plus,16000000,internet_ads,0.973429105,0.769113885
1plus,17000000,internet_ads,0.974952916,0.769376245
1plus,18000000,internet_ads,0.976296692,0.769588995
1plus,19000000,internet_ads,0.977489447,0.769762991
1plus,20000000,internet_ads,0.97855409,0.769906407
1plus,0,online_video_ads,0.0,0.0
1plus,1000000,online_video_ads,0.664934367,0.518378531
1plus,2000000,online_video_ads,0.801012917,0.592988523
1plus,3000000,online_video_ads,0.86055166,0.623393541
1plus,4000000,online_video_ads,0.893626684,0.639895031
1plus,5000000,online_video_ads,0.914467183,0.650179002
1plus,6000000,online_video_ads,0.928664165,0.657125731
1plus,7000000,online_video_ads,0.938895492,0.662098276
1plus,8000000,online_video_ads,0.946619959,0.665806911
1plus,9000000,online_video_ads,0.952636584,0.668650567
1plus,10000000,online_video_ads,0.957445797,0.670876944
1plus,11000000,online_video_ads,0.961368506,0.672648624
1plus,12000000,online_video_ads,0.964620932,0.674077113
1plus,13000000,online_video_ads,0.967356232,0.675241612
1plus,14000000,online_video_ads,0.96968493,0.67619997
1plus,15000000,online_video_ads,0.971688572,0.676995393
1plus,16000000,online_video_ads,0.973429105,0.677660731
1plus,17000000,online_video_ads,0.974952916,0.678221316
1plus,18000000,online_video_ads,0.976296692,0.678696915
1plus,19000000,online_video_ads,0.977489447,0.679103091
1plus,20000000,online_video_ads,0.97855409,0.679452202
1plus,0,internet_search,0.0,0.0
1plus,1000000,internet_search,0.664934367,0.340649794
1plus,2000000,internet_search,0.801012917,0.36285828
1plus,3000000,internet_search,0.86055166,0.368119693
1plus,4000000,internet_search,0.893626684,0.369891593
1plus,5000000,internet_search,0.914467183,0.370617809
1plus,6000000,internet_search,0.928664165,0.370955419
1plus,7000000,internet_search,0.938895492,0.371126633
1plus,8000000,internet_search,0.946619959,0.371219256
1plus,9000000,internet_search,0.952636584,0.371272
1plus,10000000,internet_search,0.957445797,0.371303336
1plus,11000000,internet_search,0.961368506,0.371322633
1plus,12000000,internet_search,0.964620932,0.371334882
1plus,13000000,internet_search,0.967356232,0.37134286
1plus,14000000,internet_search,0.96968493,0.371348169
1plus,15000000,internet_search,0.971688572,0.371351768
1plus,16000000,internet_search,0.973429105,0.371354246
1plus,17000000,internet_search,0.974952916,0.371355975
1plus,18000000,internet_search,0.976296692,0.371357195
1plus,19000000,internet_search,0.977489447,0.371358064
1plus,20000000,internet_search,0.97855409,0.371358689
1plus,0,youtube_ads,0.0,0.0
1plus,1000000,youtube_ads,0.664934367,0.590356984
1plus,2000000,youtube_ads,0.801012917,0.660776558
1plus,3000000,youtube_ads,0.86055166,0.686736405
1plus,4000000,youtube_ads,0.893626684,0.699907716
1plus,5000000,youtube_ads,0.914467183,0.707778371
1plus,6000000,youtube_ads,0.928664165,0.71292289
1plus,7000000,youtube_ads,0.938895492,0.716478369
1plus,8000000,youtube_ads,0.946619959,0.719025866
1plus,9000000,youtube_ads,0.952636584,0.720905835
1plus,10000000,youtube_ads,0.957445797,0.722325649
1plus,11000000,youtube_ads,0.961368506,0.72341487
1plus,12000000,youtube_ads,0.964620932,0.724261124
1plus,13000000,youtube_ads,0.967356232,0.724925716
1plus,14000000,youtube_ads,0.96968493,0.725452656
1plus,15000000,youtube_ads,0.971688572,0.725874165
1plus,16000000,youtube_ads,0.973429105,0.726214191
1plus,17000000,youtube_ads,0.974952916,0.726490746
1plus,18000000,youtube_ads,0.976296692,0.726717504
1plus,19000000,youtube_ads,0.977489447,0.726904928
1plus,20000000,youtube_ads,0.97855409,0.72706108
1plus,0,music_streaming_ads,0.0,0.0
1plus,1000000,music_streaming_ads,0.664934367,0.408240992
1plus,2000000,music_streaming_ads,0.801012917,0.501773328
1plus,3000000,music_streaming_ads,0.86055166,0.545491954
1plus,4000000,music_streaming_ads,0.893626684,0.570317339
1plus,5000000,music_streaming_ads,0.914467183,0.586215657
1plus,6000000,music_streaming_ads,0.928664165,0.597190331
1plus,7000000,music_streaming_ads,0.938895492,0.605169914
1plus,8000000,music_streaming_ads,0.946619959,0.611198568
1plus,9000000,music_streaming_ads,0.952636584,0.615886673
1plus,10000000,music_streaming_ads,0.957445797,0.619613693
1plus,11000000,music_streaming_ads,0.961368506,0.622644149
1plus,12000000,music_streaming_ads,0.964620932,0.62515446
1plus,13000000,music_streaming_ads,0.967356232,0.627261505
1plus,14000000,music_streaming_ads,0.96968493,0.629049784
1plus,15000000,music_streaming_ads,0.971688572,0.630581919
1plus,16000000,music_streaming_ads,0.973429105,0.631905324
1plus,17000000,music_streaming_ads,0.974952916,0.633056568
1plus,18000000,music_streaming_ads,0.976296692,0.634064325
1plus,19000000,music_streaming_ads,0.977489447,0.634951397
1plus,20000000,music_streaming_ads,0.97855409,0.635736154
1plus,0,podcast_ads,0.0,0.0
1plus,1000000,podcast_ads,0.664934367,0.148071643
1plus,2000000,podcast_ads,0.801012917,0.148734253
1plus,3000000,podcast_ads,0.86055166,0.14878283
1plus,4000000,podcast_ads,0.893626684,0.148787727
1plus,5000000,podcast_ads,0.914467183,0.148788301
1plus,6000000,podcast_ads,0.928664165,0.148788371
1plus,7000000,podcast_ads,0.938895492,0.14878838
1plus,8000000,podcast_ads,0.946619959,0.148788381
1plus,9000000,podcast_ads,0.952636584,0.148788382
1plus,10000000,podcast_ads,0.957445797,0.148788382
1plus,11000000,podcast_ads,0.961368506,0.148788382
1plus,12000000,podcast_ads,0.964620932,0.148788382
1plus,13000000,podcast_ads,0.967356232,0.148788382
1plus,14000000,podcast_ads,0.96968493,0.148788382
1plus,15000000,podcast_ads,0.971688572,0.148788382
1plus,16000000,podcast_ads,0.973429105,0.148788382
1plus,17000000,podcast_ads,0.974952916,0.148788382
1plus,18000000,podcast_ads,0.976296692,0.148788382
1plus,19000000,podcast_ads,0.977489447,0.148788382
1plus,20000000,podcast_ads,0.97855409,0.148788382
1plus,0,facebook_ads,0.0,0.0
1plus,1000000,facebook_ads,0.664934367,0.536535623
1plus,2000000,facebook_ads,0.801012917,0.611383715
1plus,3000000,facebook_ads,0.86055166,0.639874723
1plus,4000000,facebook_ads,0.893626684,0.654452202
1plus,5000000,facebook_ads,0.914467183,0.663229668
1plus,6000000,facebook_ads,0.928664165,0.669008577
1plus,7000000,facebook_ads,0.938895492,0.673029484
1plus,8000000,facebook_ads,0.946619959,0.67593094
1plus,9000000,facebook_ads,0.952636584,0.678077692
1plus,10000000,facebook_ads,0.957445797,0.679696805
1plus,11000000,facebook_ads,0.961368506,0.680934883
1plus,12000000,facebook_ads,0.964620932,0.68189138
1plus,13000000,facebook_ads,0.967356232,0.682636341
1plus,14000000,facebook_ads,0.96968493,0.683220392
1plus,15000000,facebook_ads,0.971688572,0.68368086
1plus,16000000,facebook_ads,0.973429105,0.684045688
1plus,17000000,facebook_ads,0.974952916,0.684336042
1plus,18000000,facebook_ads,0.976296692,0.684568107
1plus,19000000,facebook_ads,0.977489447,0.684754346
1plus,20000000,facebook_ads,0.97855409,0.684904417
1plus,0,instagram_ads,0.0,0.0
1plus,1000000,instagram_ads,0.664934367,0.431642901
1plus,2000000,instagram_ads,0.801012917,0.512913456
1plus,3000000,instagram_ads,0.86055166,0.54870343
1plus,4000000,instagram_ads,0.893626684,0.569069397
1plus,5000000,instagram_ads,0.914467183,0.582201195
1plus,6000000,instagram_ads,0.928664165,0.591334293
1plus,7000000,instagram_ads,0.938895492,0.598008074
1plus,8000000,instagram_ads,0.946619959,0.603057189
1plus,9000000,instagram_ads,0.952636584,0.606981093
1plus,10000000,instagram_ads,0.957445797,0.610087477
1plus,11000000,instagram_ads,0.961368506,0.612581361
1plus,12000000,instagram_ads,0.964620932,0.614605473
1plus,13000000,instagram_ads,0.967356232,0.616262656
1plus,14000000,instagram_ads,0.96968493,0.617629106
1plus,15000000,instagram_ads,0.971688572,0.618762565
1plus,16000000,instagram_ads,0.973429105,0.619707603
1plus,17000000,instagram_ads,0.974952916,0.620499137
1plus,18000000,instagram_ads,0.976296692,0.621164852
1plus,19000000,instagram_ads,0.977489447,0.621726918
1plus,20000000,instagram_ads,0.97855409,0.622203227
1plus,0,snapchat_ads,0.0,0.0
1plus,1000000,snapchat_ads,0.664934367,0.337479374
1plus,2000000,snapchat_ads,0.801012917,0.404828111
1plus,3000000,snapchat_ads,0.86055166,0.435806069
1plus,4000000,snapchat_ads,0.893626684,0.454090727
1plus,5000000,snapchat_ads,0.914467183,0.466240514
1plus,6000000,snapchat_ads,0.928664165,0.474883579
1plus,7000000,snapchat_ads,0.938895492,0.481310899
1plus,8000000,snapchat_ads,0.946619959,0.486239244
1plus,9000000,snapchat_ads,0.952636584,0.490119154
1plus,10000000,snapchat_ads,0.957445797,0.493231921
1plus,11000000,snapchat_ads,0.961368506,0.495764022
1plus,12000000,snapchat_ads,0.964620932,0.497846621
1plus,13000000,snapchat_ads,0.967356232,0.499574989
1plus,14000000,snapchat_ads,0.96968493,0.501020182
1plus,15000000,snapchat_ads,0.971688572,0.502236362
1plus,16000000,snapchat_ads,0.973429105,0.503265567
1plus,17000000,snapchat_ads,0.974952916,0.504140919
1plus,18000000,snapchat_ads,0.976296692,0.504888838
1plus,19000000,snapchat_ads,0.977489447,0.505530616
1plus,20000000,snapchat_ads,0.97855409,0.506083559
1plus,0,tiktok_ads,0.0,0.0
1plus,1000000,tiktok_ads,0.664934367,0.409721822
1plus,2000000,tiktok_ads,0.801012917,0.468877417
1plus,3000000,tiktok_ads,0.86055166,0.492411337
1plus,4000000,tiktok_ads,0.893626684,0.504923754
1plus,5000000,tiktok_ads,0.914467183,0.512624002
1plus,6000000,tiktok_ads,0.928664165,0.517791305
1plus,7000000,tiktok_ads,0.938895492,0.521463528
1plus,8000000,tiktok_ads,0.946619959,0.524186361
1plus,9000000,tiktok_ads,0.952636584,0.52626272
1plus,10000000,tiktok_ads,0.957445797,0.527879369
1plus,11000000,tiktok_ads,0.961368506,0.529158348
1plus,12000000,tiktok_ads,0.964620932,0.530183094
1plus,13000000,tiktok_ads,0.967356232,0.531012734
1plus,14000000,tiktok_ads,0.96968493,0.531690379
1plus,15000000,tiktok_ads,0.971688572,0.532248184
1plus,16000000,tiktok_ads,0.973429105,0.532710576
1plus,17000000,tiktok_ads,0.974952916,0.533096379
1plus,18000000,tiktok_ads,0.976296692,0.533420271
1plus,19000000,tiktok_ads,0.977489447,0.533693808
1plus,20000000,tiktok_ads,0.97855409,0.533926159
1plus,0,pinterest_ads,0.0,0.0
1plus,1000000,pinterest_ads,0.664934367,0.280576654
1plus,2000000,pinterest_ads,0.801012917,0.362673307
1plus,3000000,pinterest_ads,0.86055166,0.407148681
1plus,4000000,pinterest_ads,0.893626684,0.43636437
1plus,5000000,pinterest_ads,0.914467183,0.457036198
1plus,6000000,pinterest_ads,0.928664165,0.472832952
1plus,7000000,pinterest_ads,0.938895492,0.485333998
1plus,8000000,pinterest_ads,0.946619959,0.495432625
1plus,9000000,pinterest_ads,0.952636584,0.503718404
1plus,10000000,pinterest_ads,0.957445797,0.510603328
1plus,11000000,pinterest_ads,0.961368506,0.516386625
1plus,12000000,pinterest_ads,0.964620932,0.521291433
1plus,13000000,pinterest_ads,0.967356232,0.525487305
1plus,14000000,pinterest_ads,0.96968493,0.529104918
1plus,15000000,pinterest_ads,0.971688572,0.532246164
1plus,16000000,pinterest_ads,0.973429105,0.534991304
1plus,17000000,pinterest_ads,0.974952916,0.537404158
1plus,18000000,pinterest_ads,0.976296692,0.539535927
1plus,19000000,pinterest_ads,0.977489447,0.541428057
1plus,20000000,pinterest_ads,0.97855409,0.543114377
1plus,0,direct_mail,0.0,0.0
1plus,1000000,direct_mail,0.664934367,0.317883488
1plus,2000000,direct_mail,0.801012917,0.317883488
1plus,3000000,direct_mail,0.86055166,0.317883488
1plus,4000000,direct_mail,0.893626684,0.317883488
1plus,5000000,direct_mail,0.914467183,0.317883488
1plus,6000000,direct_mail,0.928664165,0.317883488
1plus,7000000,direct_mail,0.938895492,0.317883488
1plus,8000000,direct_mail,0.946619959,0.317883488
1plus,9000000,direct_mail,0.952636584,0.317883488
1plus,10000000,direct_mail,0.957445797,0.317883488
1plus,11000000,direct_mail,0.961368506,0.317883488
1plus,12000000,direct_mail,0.964620932,0.317883488
1plus,13000000,direct_mail,0.967356232,0.317883488
1plus,14000000,direct_mail,0.96968493,0.317883488
1plus,15000000,direct_mail,0.971688572,0.317883488
1plus,16000000,direct_mail,0.973429105,0.317883488
1plus,17000000,direct_mail,0.974952916,0.317883488
1plus,18000000,direct_mail,0.976296692,0.317883488
1plus,19000000,direct_mail,0.977489447,0.317883488
1plus,20000000,direct_mail,0.97855409,0.317883488
1plus,0,emails - subscribed,0.0,0.0
1plus,1000000,emails - subscribed,0.664934367,0.322312888
1plus,2000000,emails - subscribed,0.801012917,0.345228155
1plus,3000000,emails - subscribed,0.86055166,0.349039858
1plus,4000000,emails - subscribed,0.893626684,0.349706544
1plus,5000000,emails - subscribed,0.914467183,0.349968279
1plus,6000000,emails - subscribed,0.928664165,0.350113893
1plus,7000000,emails - subscribed,0.938895492,0.350180231
1plus,8000000,emails - subscribed,0.946619959,0.350210262
1plus,9000000,emails - subscribed,0.952636584,0.350223969
1plus,10000000,emails - subscribed,0.957445797,0.350230241
1plus,11000000,emails - subscribed,0.961368506,0.350233113
1plus,12000000,emails - subscribed,0.964620932,0.350234428
1plus,13000000,emails - subscribed,0.967356232,0.350235031
1plus,14000000,emails - subscribed,0.96968493,0.350235307
1plus,15000000,emails - subscribed,0.971688572,0.350235434
1plus,16000000,emails - subscribed,0.973429105,0.350235491
1plus,17000000,emails - subscribed,0.974952916,0.350235518
1plus,18000000,emails - subscribed,0.976296692,0.35023553
1plus,19000000,emails - subscribed,0.977489447,0.350235536
1plus,20000000,emails - subscribed,0.97855409,0.350235538
1plus,0,search on retailer's website,0.0,0.0
1plus,1000000,search on retailer's website,0.664934367,0.338239769
1plus,2000000,search on retailer's website,0.801012917,0.351144229
1plus,3000000,search on retailer's website,0.86055166,0.353893665
1plus,4000000,search on retailer's website,0.893626684,0.354656373
1plus,5000000,search on retailer's website,0.914467183,0.354917714
1plus,6000000,search on retailer's website,0.928664165,0.355026348
1plus,7000000,search on retailer's website,0.938895492,0.355079061
1plus,8000000,search on retailer's website,0.946619959,0.355107482
1plus,9000000,search on retailer's website,0.952636584,0.355123794
1plus,10000000,search on retailer's website,0.957445797,0.355133477
1plus,11000000,search on retailer's website,0.961368506,0.355139325
1plus,12000000,search on retailer's website,0.964620932,0.355142887
1plus,13000000,search on retailer's website,0.967356232,0.355145066
1plus,14000000,search on retailer's website,0.96968493,0.355146401
1plus,15000000,search on retailer's website,0.971688572,0.35514722
1plus,16000000,search on retailer's website,0.973429105,0.355147723
1plus,17000000,search on retailer's website,0.974952916,0.355148031
1plus,18000000,search on retailer's website,0.976296692,0.355148221
1plus,19000000,search on retailer's website,0.977489447,0.355148337
1plus,20000000,search on retailer's website,0.97855409,0.355148409
1plus,0,in-store ads,0.0,0.0
1plus,1000000,in-store ads,0.664934367,0.187217932
1plus,2000000,in-store ads,0.801012917,0.279101957
1plus,3000000,in-store ads,0.86055166,0.340357171
1plus,4000000,in-store ads,0.893626684,0.384259063
1plus,5000000,in-store ads,0.914467183,0.418192383
1plus,6000000,in-store ads,0.928664165,0.445608962
1plus,7000000,in-store ads,0.938895492,0.468431575
1plus,8000000,in-store ads,0.946619959,0.48772086
1plus,9000000,in-store ads,0.952636584,0.504215974
1plus,10000000,in-store ads,0.957445797,0.518451285
1plus,11000000,in-store ads,0.961368506,0.530825046
1plus,12000000,in-store ads,0.964620932,0.541642418
1plus,13000000,in-store ads,0.967356232,0.551187117
1plus,14000000,in-store ads,0.96968493,0.55967294
1plus,15000000,in-store ads,0.971688572,0.5672492
1plus,16000000,in-store ads,0.973429105,0.57403812
1plus,17000000,in-store ads,0.974952916,0.580140998
1plus,18000000,in-store ads,0.976296692,0.585642713
1plus,19000000,in-store ads,0.977489447,0.59061508
1plus,20000000,in-store ads,0.97855409,0.595119376
1plus,0,promotions_on_retailer_website,0.0,0.0
1plus,1000000,promotions_on_retailer_website,0.664934367,0.242517643
1plus,2000000,promotions_on_retailer_website,0.801012917,0.285989666
1plus,3000000,promotions_on_retailer_website,0.86055166,0.304760837
1plus,4000000,promotions_on_retailer_website,0.893626684,0.314994589
1plus,5000000,promotions_on_retailer_website,0.914467183,0.321168021
1plus,6000000,promotions_on_retailer_website,0.928664165,0.325080788
1plus,7000000,promotions_on_retailer_website,0.938895492,0.32763387
1plus,8000000,promotions_on_retailer_website,0.946619959,0.329335034
1plus,9000000,promotions_on_retailer_website,0.952636584,0.330488976
1plus,10000000,promotions_on_retailer_website,0.957445797,0.331284936
1plus,11000000,promotions_on_retailer_website,0.961368506,0.331843015
1plus,12000000,promotions_on_retailer_website,0.964620932,0.332240691
1plus,13000000,promotions_on_retailer_website,0.967356232,0.332528659
1plus,14000000,promotions_on_retailer_website,0.96968493,0.33274053
1plus,15000000,promotions_on_retailer_website,0.971688572,0.332898876
1plus,16000000,promotions_on_retailer_website,0.973429105,0.333019045
1plus,17000000,promotions_on_retailer_website,0.974952916,0.333111604
1plus,18000000,promotions_on_retailer_website,0.976296692,0.333183912
1plus,19000000,promotions_on_retailer_website,0.977489447,0.33324116
1plus,20000000,promotions_on_retailer_website,0.97855409,0.333287051
1plus,0,affiliate / ambassador,0.0,0.0
1plus,1000000,affiliate / ambassador,0.664934367,0.077863193
1plus,2000000,affiliate / ambassador,0.801012917,0.077863193
1plus,3000000,affiliate / ambassador,0.86055166,0.077863193
1plus,4000000,affiliate / ambassador,0.893626684,0.077863193
1plus,5000000,affiliate / ambassador,0.914467183,0.077863193
1plus,6000000,affiliate / ambassador,0.928664165,0.077863193
1plus,7000000,affiliate / ambassador,0.938895492,0.077863193
1plus,8000000,affiliate / ambassador,0.946619959,0.077863193
1plus,9000000,affiliate / ambassador,0.952636584,0.077863193
1plus,10000000,affiliate / ambassador,0.957445797,0.077863193
1plus,11000000,affiliate / ambassador,0.961368506,0.077863193
1plus,12000000,affiliate / ambassador,0.964620932,0.077863193
1plus,13000000,affiliate / ambassador,0.967356232,0.077863193
1plus,14000000,affiliate / ambassador,0.96968493,0.077863193
1plus,15000000,affiliate / ambassador,0.971688572,0.077863193
1plus,16000000,affiliate / ambassador,0.973429105,0.077863193
1plus,17000000,affiliate / ambassador,0.974952916,0.077863193
1plus,18000000,affiliate / ambassador,0.976296692,0.077863193
1plus,19000000,affiliate / ambassador,0.977489447,0.077863193
1plus,20000000,affiliate / ambassador,0.97855409,0.077863193
1plus,0,reviews / recommendations - influencers,0.0,0.0
1plus,1000000,reviews / recommendations - influencers,0.664934367,0.072756127
1plus,2000000,reviews / recommendations - influencers,0.801012917,0.074128747
1plus,3000000,reviews / recommendations - influencers,0.86055166,0.074308637
1plus,4000000,reviews / recommendations - influencers,0.893626684,0.074359933
1plus,5000000,reviews / recommendations - influencers,0.914467183,0.074379719
1plus,6000000,reviews / recommendations - influencers,0.928664165,0.074388123
1plus,7000000,reviews / recommendations - influencers,0.938895492,0.074391865
1plus,8000000,reviews / recommendations - influencers,0.946619959,0.07439359
1plus,9000000,reviews / recommendations - influencers,0.952636584,0.074394407
1plus,10000000,reviews / recommendations - influencers,0.957445797,0.074394802
1plus,11000000,reviews / recommendations - influencers,0.961368506,0.074394996
1plus,12000000,reviews / recommendations - influencers,0.964620932,0.074395092
1plus,13000000,reviews / recommendations - influencers,0.967356232,0.07439514
1plus,14000000,reviews / recommendations - influencers,0.96968493,0.074395164
1plus,15000000,reviews / recommendations - influencers,0.971688572,0.074395176
1plus,16000000,reviews / recommendations - influencers,0.973429105,0.074395182
1plus,17000000,reviews / recommendations - influencers,0.974952916,0.074395185
1plus,18000000,reviews / recommendations - influencers,0.976296692,0.074395187
1plus,19000000,reviews / recommendations - influencers,0.977489447,0.074395188
1plus,20000000,reviews / recommendations - influencers,0.97855409,0.074395188
3plus,0,tv_ads,0.0,0.0
3plus,1000000,tv_ads,0.318928658,0.141925055
3plus,2000000,tv_ads,0.529948679,0.247918213
3plus,3000000,tv_ads,0.646303007,0.326189347
3plus,4000000,tv_ads,0.718525373,0.386247256
3plus,5000000,tv_ads,0.767231431,0.433309041
3plus,6000000,tv_ads,0.80201871,0.470732017
3plus,7000000,tv_ads,0.827973177,0.500846181
3plus,8000000,tv_ads,0.848065484,0.525399841
3plus,9000000,tv_ads,0.864033441,0.545650822
3plus,10000000,tv_ads,0.877006119,0.562539396
3plus,11000000,tv_ads,0.887732914,0.576773136
3plus,12000000,tv_ads,0.896732278,0.588889794
3plus,13000000,tv_ads,0.904378488,0.599303601
3plus,14000000,tv_ads,0.910946647,0.60833585
3plus,15000000,tv_ads,0.91664293,0.616237446
3plus,16000000,tv_ads,0.92162593,0.623205526
3plus,17000000,tv_ads,0.926016443,0.629396006
3plus,18000000,tv_ads,0.929910852,0.634933695
3plus,19000000,tv_ads,0.933385864,0.639918208
3plus,20000000,tv_ads,0.936503005,0.644430633
3plus,0,avod_ads,0.0,0.0
3plus,1000000,avod_ads,0.318928658,0.225831623
3plus,2000000,avod_ads,0.529948679,0.346381423
3plus,3000000,avod_ads,0.646303007,0.409475902
3plus,4000000,avod_ads,0.718525373,0.447688196
3plus,5000000,avod_ads,0.767231431,0.473225892
3plus,6000000,avod_ads,0.80201871,0.4915891
3plus,7000000,avod_ads,0.827973177,0.505498024
3plus,8000000,avod_ads,0.848065484,0.516426558
3plus,9000000,avod_ads,0.864033441,0.525256115
3plus,10000000,avod_ads,0.877006119,0.532547539
3plus,11000000,avod_ads,0.887732914,0.538674287
3plus,12000000,avod_ads,0.896732278,0.543896249
3plus,13000000,avod_ads,0.904378488,0.548399372
3plus,14000000,avod_ads,0.910946647,0.552328997
3plus,15000000,avod_ads,0.91664293,0.555794335
3plus,16000000,avod_ads,0.92162593,0.558873826
3plus,17000000,avod_ads,0.926016443,0.561630024
3plus,18000000,avod_ads,0.929910852,0.564112304
3plus,19000000,avod_ads,0.933385864,0.566361454
3plus,20000000,avod_ads,0.936503005,0.568409109
3plus,0,outdoor_billboards_and_posters,0.0,0.0
3plus,1000000,outdoor_billboards_and_posters,0.318928658,0.108067178
3plus,2000000,outdoor_billboards_and_posters,0.529948679,0.178994798
3plus,3000000,outdoor_billboards_and_posters,0.646303007,0.229406923
3plus,4000000,outdoor_billboards_and_posters,0.718525373,0.267893281
3plus,5000000,outdoor_billboards_and_posters,0.767231431,0.298444848
3plus,6000000,outdoor_billboards_and_posters,0.80201871,0.323413049
3plus,7000000,outdoor_billboards_and_posters,0.827973177,0.344538521
3plus,8000000,outdoor_billboards_and_posters,0.848065484,0.362788097
3plus,9000000,outdoor_billboards_and_posters,0.864033441,0.378774714
3plus,10000000,outdoor_billboards_and_posters,0.877006119,0.392930127
3plus,11000000,outdoor_billboards_and_posters,0.887732914,0.405570812
3plus,12000000,outdoor_billboards_and_posters,0.896732278,0.416936089
3plus,13000000,outdoor_billboards_and_posters,0.904378488,0.42721225
3plus,14000000,outdoor_billboards_and_posters,0.910946647,0.43654808
3plus,15000000,outdoor_billboards_and_posters,0.91664293,0.445063695
3plus,16000000,outdoor_billboards_and_posters,0.92162593,0.452859311
3plus,17000000,outdoor_billboards_and_posters,0.926016443,0.460018096
3plus,18000000,outdoor_billboards_and_posters,0.929910852,0.46661157
3plus,19000000,outdoor_billboards_and_posters,0.933385864,0.472699778
3plus,20000000,outdoor_billboards_and_posters,0.936503005,0.478335393
3plus,0,outdoor_video_screen_ads,0.0,0.0
3plus,1000000,outdoor_video_screen_ads,0.318928658,0.096504562
3plus,2000000,outdoor_video_screen_ads,0.529948679,0.158190824
3plus,3000000,outdoor_video_screen_ads,0.646303007,0.2026654
3plus,4000000,outdoor_video_screen_ads,0.718525373,0.237153958
3plus,5000000,outdoor_video_screen_ads,0.767231431,0.265071423
3plus,6000000,outdoor_video_screen_ads,0.80201871,0.288663897
3plus,7000000,outdoor_video_screen_ads,0.827973177,0.308986308
3plus,8000000,outdoor_video_screen_ads,0.848065484,0.326722345
3plus,9000000,outdoor_video_screen_ads,0.864033441,0.342350114
3plus,10000000,outdoor_video_screen_ads,0.877006119,0.356221687
3plus,11000000,outdoor_video_screen_ads,0.887732914,0.368607391
3plus,12000000,outdoor_video_screen_ads,0.896732278,0.379720971
3plus,13000000,outdoor_video_screen_ads,0.904378488,0.389735504
3plus,14000000,outdoor_video_screen_ads,0.910946647,0.398794268
3plus,15000000,outdoor_video_screen_ads,0.91664293,0.407016798
3plus,16000000,outdoor_video_screen_ads,0.92162593,0.414504268
3plus,17000000,outdoor_video_screen_ads,0.926016443,0.421342804
3plus,18000000,outdoor_video_screen_ads,0.929910852,0.427606717
3plus,19000000,outdoor_video_screen_ads,0.933385864,0.433359501
3plus,20000000,outdoor_video_screen_ads,0.936503005,0.438656615
3plus,0,internet_ads,0.0,0.0
3plus,1000000,internet_ads,0.318928658,0.323366669
3plus,2000000,internet_ads,0.529948679,0.463323844
3plus,3000000,internet_ads,0.646303007,0.531300032
3plus,4000000,internet_ads,0.718525373,0.569696787
3plus,5000000,internet_ads,0.767231431,0.593759309
3plus,6000000,internet_ads,0.80201871,0.610033228
3plus,7000000,internet_ads,0.827973177,0.621692222
3plus,8000000,internet_ads,0.848065484,0.630430432
3plus,9000000,internet_ads,0.864033441,0.637220549
3plus,10000000,internet_ads,0.877006119,0.642654633
3plus,11000000,internet_ads,0.887732914,0.647110862
3plus,12000000,internet_ads,0.896732278,0.65083974
3plus,13000000,internet_ads,0.904378488,0.654014716
3plus,14000000,internet_ads,0.910946647,0.656757376
3plus,15000000,internet_ads,0.91664293,0.65915646
3plus,16000000,internet_ads,0.92162593,0.661278347
3plus,17000000,internet_ads,0.926016443,0.663172966
3plus,18000000,internet_ads,0.929910852,0.664877464
3plus,19000000,internet_ads,0.933385864,0.666423674
3plus,20000000,internet_ads,0.936503005,0.66783373
3plus,0,online_video_ads,0.0,0.0
3plus,1000000,online_video_ads,0.318928658,0.334851028
3plus,2000000,online_video_ads,0.529948679,0.431774027
3plus,3000000,online_video_ads,0.646303007,0.476992871
3plus,4000000,online_video_ads,0.718525373,0.503549836
3plus,5000000,online_video_ads,0.767231431,0.521154404
3plus,6000000,online_video_ads,0.80201871,0.533722256
3plus,7000000,online_video_ads,0.827973177,0.543182669
3plus,8000000,online_video_ads,0.848065484,0.550581331
3plus,9000000,online_video_ads,0.864033441,0.556530489
3plus,10000000,online_video_ads,0.877006119,0.561419056
3plus,11000000,online_video_ads,0.887732914,0.565508145
3plus,12000000,online_video_ads,0.896732278,0.56897809
3plus,13000000,online_video_ads,0.904378488,0.571959776
3plus,14000000,online_video_ads,0.910946647,0.574551538
3plus,15000000,online_video_ads,0.91664293,0.576824272
3plus,16000000,online_video_ads,0.92162593,0.578836707
3plus,17000000,online_video_ads,0.926016443,0.580631203
3plus,18000000,online_video_ads,0.929910852,0.582243123
3plus,19000000,online_video_ads,0.933385864,0.583703052
3plus,20000000,online_video_ads,0.936503005,0.585028425
3plus,0,internet_search,0.0,0.0
3plus,1000000,internet_search,0.318928658,0.20061474
3plus,2000000,internet_search,0.529948679,0.245219327
3plus,3000000,internet_search,0.646303007,0.262631865
3plus,4000000,internet_search,0.718525373,0.272055588
3plus,5000000,internet_search,0.767231431,0.278122979
3plus,6000000,internet_search,0.80201871,0.282453594
3plus,7000000,internet_search,0.827973177,0.285756522
3plus,8000000,internet_search,0.848065484,0.288393445
3plus,9000000,internet_search,0.864033441,0.290568233
3plus,10000000,internet_search,0.877006119,0.292407193
3plus,11000000,internet_search,0.887732914,0.293991588
3plus,12000000,internet_search,0.896732278,0.295379103
3plus,13000000,internet_search,0.904378488,0.296607069
3plus,14000000,internet_search,0.910946647,0.297707053
3plus,15000000,internet_search,0.91664293,0.298699907
3plus,16000000,internet_search,0.92162593,0.299602038
3plus,17000000,internet_search,0.926016443,0.300428673
3plus,18000000,internet_search,0.929910852,0.301189847
3plus,19000000,internet_search,0.933385864,0.301894889
3plus,20000000,internet_search,0.936503005,0.30254769
3plus,0,youtube_ads,0.0,0.0
3plus,1000000,youtube_ads,0.318928658,0.360352528
3plus,2000000,youtube_ads,0.529948679,0.472126136
3plus,3000000,youtube_ads,0.646303007,0.521019626
3plus,4000000,youtube_ads,0.718525373,0.548545151
3plus,5000000,youtube_ads,0.767231431,0.566354023
3plus,6000000,youtube_ads,0.80201871,0.578872478
3plus,7000000,youtube_ads,0.827973177,0.588171212
3plus,8000000,youtube_ads,0.848065484,0.595352787
3plus,9000000,youtube_ads,0.864033441,0.601073511
3plus,10000000,youtube_ads,0.877006119,0.605744779
3plus,11000000,youtube_ads,0.887732914,0.609633808
3plus,12000000,youtube_ads,0.896732278,0.612924654
3plus,13000000,youtube_ads,0.904378488,0.615748821
3plus,14000000,youtube_ads,0.910946647,0.618202594
3plus,15000000,youtube_ads,0.91664293,0.620357446
3plus,16000000,youtube_ads,0.92162593,0.622268773
3plus,17000000,youtube_ads,0.926016443,0.623978507
3plus,18000000,youtube_ads,0.929910852,0.625520487
3plus,19000000,youtube_ads,0.933385864,0.626919803
3plus,20000000,youtube_ads,0.936503005,0.628198916
3plus,0,music_streaming_ads,0.0,0.0
3plus,1000000,music_streaming_ads,0.318928658,0.223216876
3plus,2000000,music_streaming_ads,0.529948679,0.324794623
3plus,3000000,music_streaming_ads,0.646303007,0.380039298
3plus,4000000,music_streaming_ads,0.718525373,0.414515517
3plus,5000000,music_streaming_ads,0.767231431,0.43813038
3plus,6000000,music_streaming_ads,0.80201871,0.455346674
3plus,7000000,music_streaming_ads,0.827973177,0.468473865
3plus,8000000,music_streaming_ads,0.848065484,0.478828136
3plus,9000000,music_streaming_ads,0.864033441,0.487212203
3plus,10000000,music_streaming_ads,0.877006119,0.494142177
3plus,11000000,music_streaming_ads,0.887732914,0.499981084
3plus,12000000,music_streaming_ads,0.896732278,0.504978812
3plus,13000000,music_streaming_ads,0.904378488,0.509309629
3plus,14000000,music_streaming_ads,0.910946647,0.513101795
3plus,15000000,music_streaming_ads,0.91664293,0.5164525
3plus,16000000,music_streaming_ads,0.92162593,0.519435909
3plus,17000000,music_streaming_ads,0.926016443,0.522111123
3plus,18000000,music_streaming_ads,0.929910852,0.524523861
3plus,19000000,music_streaming_ads,0.933385864,0.52671325
3plus,20000000,music_streaming_ads,0.936503005,0.528709359
3plus,0,podcast_ads,0.0,0.0
3plus,1000000,podcast_ads,0.318928658,0.097362152
3plus,2000000,podcast_ads,0.529948679,0.106462236
3plus,3000000,podcast_ads,0.646303007,0.110318111
3plus,4000000,podcast_ads,0.718525373,0.112627444
3plus,5000000,podcast_ads,0.767231431,0.114227181
3plus,6000000,podcast_ads,0.80201871,0.115427707
3plus,7000000,podcast_ads,0.827973177,0.116376572
3plus,8000000,podcast_ads,0.848065484,0.117153011
3plus,9000000,podcast_ads,0.864033441,0.117807244
3plus,10000000,podcast_ads,0.877006119,0.11836772
3plus,11000000,podcast_ads,0.887732914,0.118857782
3plus,12000000,podcast_ads,0.896732278,0.119289947
3plus,13000000,podcast_ads,0.904378488,0.119675467
3plus,14000000,podcast_ads,0.910946647,0.120024573
3plus,15000000,podcast_ads,0.91664293,0.120339999
3plus,16000000,podcast_ads,0.92162593,0.120630444
3plus,17000000,podcast_ads,0.926016443,0.120895521
3plus,18000000,podcast_ads,0.929910852,0.121140874
3plus,19000000,podcast_ads,0.933385864,0.121370894
3plus,20000000,podcast_ads,0.936503005,0.121583487
3plus,0,facebook_ads,0.0,0.0
3plus,1000000,facebook_ads,0.318928658,0.307596899
3plus,2000000,facebook_ads,0.529948679,0.418017295
3plus,3000000,facebook_ads,0.646303007,0.468366454
3plus,4000000,facebook_ads,0.718525373,0.497144279
3plus,5000000,facebook_ads,0.767231431,0.515933328
3plus,6000000,facebook_ads,0.80201871,0.529224422
3plus,7000000,facebook_ads,0.827973177,0.539141914
3plus,8000000,facebook_ads,0.848065484,0.546829611
3plus,9000000,facebook_ads,0.864033441,0.552962427
3plus,10000000,facebook_ads,0.877006119,0.557968548
3plus,11000000,facebook_ads,0.887732914,0.562132161
3plus,12000000,facebook_ads,0.896732278,0.565649113
3plus,13000000,facebook_ads,0.904378488,0.568661093
3plus,14000000,facebook_ads,0.910946647,0.571271171
3plus,15000000,facebook_ads,0.91664293,0.573556883
3plus,16000000,facebook_ads,0.92162593,0.575578232
3plus,17000000,facebook_ads,0.926016443,0.577380394
3plus,18000000,facebook_ads,0.929910852,0.579001228
3plus,19000000,facebook_ads,0.933385864,0.580468093
3plus,20000000,facebook_ads,0.936503005,0.581805225
3plus,0,instagram_ads,0.0,0.0
3plus,1000000,instagram_ads,0.318928658,0.256589997
3plus,2000000,instagram_ads,0.529948679,0.350649082
3plus,3000000,instagram_ads,0.646303007,0.398281078
3plus,4000000,instagram_ads,0.718525373,0.427526495
3plus,5000000,instagram_ads,0.767231431,0.447471727
3plus,6000000,instagram_ads,0.80201871,0.462012608
3plus,7000000,instagram_ads,0.827973177,0.473106566
3plus,8000000,instagram_ads,0.848065484,0.481855105
3plus,9000000,instagram_ads,0.864033441,0.488935403
3plus,10000000,instagram_ads,0.877006119,0.494777649
3plus,11000000,instagram_ads,0.887732914,0.499673744
3plus,12000000,instagram_ads,0.896732278,0.50383053
3plus,13000000,instagram_ads,0.904378488,0.507399519
3plus,14000000,instagram_ads,0.910946647,0.510492437
3plus,15000000,instagram_ads,0.91664293,0.513196825
3plus,16000000,instagram_ads,0.92162593,0.515578242
3plus,17000000,instagram_ads,0.926016443,0.517691588
3plus,18000000,instagram_ads,0.929910852,0.519578869
3plus,19000000,instagram_ads,0.933385864,0.521273339
3plus,20000000,instagram_ads,0.936503005,0.522805515
3plus,0,snapchat_ads,0.0,0.0
3plus,1000000,snapchat_ads,0.318928658,0.193068202
3plus,2000000,snapchat_ads,0.529948679,0.266382245
3plus,3000000,snapchat_ads,0.646303007,0.30481737
3plus,4000000,snapchat_ads,0.718525373,0.32911617
3plus,5000000,snapchat_ads,0.767231431,0.346086482
3plus,6000000,snapchat_ads,0.80201871,0.358683971
3plus,7000000,snapchat_ads,0.827973177,0.368430562
3plus,8000000,snapchat_ads,0.848065484,0.376200178
3plus,9000000,snapchat_ads,0.864033441,0.382547994
3plus,10000000,snapchat_ads,0.877006119,0.387832413
3plus,11000000,snapchat_ads,0.887732914,0.392297717
3plus,12000000,snapchat_ads,0.896732278,0.396116638
3plus,13000000,snapchat_ads,0.904378488,0.399416943
3plus,14000000,snapchat_ads,0.910946647,0.402295864
3plus,15000000,snapchat_ads,0.91664293,0.404827304
3plus,16000000,snapchat_ads,0.92162593,0.407068567
3plus,17000000,snapchat_ads,0.926016443,0.409066599
3plus,18000000,snapchat_ads,0.929910852,0.410858524
3plus,19000000,snapchat_ads,0.933385864,0.412474569
3plus,20000000,snapchat_ads,0.936503005,0.413940471
3plus,0,tiktok_ads,0.0,0.0
3plus,1000000,tiktok_ads,0.318928658,0.254803619
3plus,2000000,tiktok_ads,0.529948679,0.328434125
3plus,3000000,tiktok_ads,0.646303007,0.362673462
3plus,4000000,tiktok_ads,0.718525373,0.382763531
3plus,5000000,tiktok_ads,0.767231431,0.396122019
3plus,6000000,tiktok_ads,0.80201871,0.405715135
3plus,7000000,tiktok_ads,0.827973177,0.412973454
3plus,8000000,tiktok_ads,0.848065484,0.418682018
3plus,9000000,tiktok_ads,0.864033441,0.423297895
3plus,10000000,tiktok_ads,0.877006119,0.427111862
3plus,11000000,tiktok_ads,0.887732914,0.430319759
3plus,12000000,tiktok_ads,0.896732278,0.433056583
3plus,13000000,tiktok_ads,0.904378488,0.435419629
3plus,14000000,tiktok_ads,0.910946647,0.437484573
3plus,15000000,tiktok_ads,0.91664293,0.439303568
3plus,16000000,tiktok_ads,0.92162593,0.440921387
3plus,17000000,tiktok_ads,0.926016443,0.44237055
3plus,18000000,tiktok_ads,0.929910852,0.443677858
3plus,19000000,tiktok_ads,0.933385864,0.444865315
3plus,20000000,tiktok_ads,0.936503005,0.445950496
3plus,0,pinterest_ads,0.0,0.0
3plus,1000000,pinterest_ads,0.318928658,0.131318339
3plus,2000000,pinterest_ads,0.529948679,0.207574109
3plus,3000000,pinterest_ads,0.646303007,0.254996648
3plus,4000000,pinterest_ads,0.718525373,0.288233987
3plus,5000000,pinterest_ads,0.767231431,0.312955132
3plus,6000000,pinterest_ads,0.80201871,0.332401404
3plus,7000000,pinterest_ads,0.827973177,0.348174312
3plus,8000000,pinterest_ads,0.848065484,0.361226009
3plus,9000000,pinterest_ads,0.864033441,0.372193396
3plus,10000000,pinterest_ads,0.877006119,0.381525947
3plus,11000000,pinterest_ads,0.887732914,0.389553232
3plus,12000000,pinterest_ads,0.896732278,0.39652347
3plus,13000000,pinterest_ads,0.904378488,0.402626724
3plus,14000000,pinterest_ads,0.910946647,0.40801162
3plus,15000000,pinterest_ads,0.91664293,0.412795594
3plus,16000000,pinterest_ads,0.92162593,0.417071739
3plus,17000000,pinterest_ads,0.926016443,0.420915568
3plus,18000000,pinterest_ads,0.929910852,0.424388328
3plus,19000000,pinterest_ads,0.933385864,0.427540429
3plus,20000000,pinterest_ads,0.936503005,0.430413041
3plus,0,direct_mail,0.0,0.0
3plus,1000000,direct_mail,0.318928658,0.246215869
3plus,2000000,direct_mail,0.529948679,0.255527583
3plus,3000000,direct_mail,0.646303007,0.259888719
3plus,4000000,direct_mail,0.718525373,0.262611531
3plus,5000000,direct_mail,0.767231431,0.264547165
3plus,6000000,direct_mail,0.80201871,0.266020774
3plus,7000000,direct_mail,0.827973177,0.267205087
3plus,8000000,direct_mail,0.848065484,0.26818438
3plus,9000000,direct_mail,0.864033441,0.269012408
3plus,10000000,direct_mail,0.877006119,0.269731842
3plus,11000000,direct_mail,0.887732914,0.270364905
3plus,12000000,direct_mail,0.896732278,0.270925093
3plus,13000000,direct_mail,0.904378488,0.271431006
3plus,14000000,direct_mail,0.910946647,0.271884979
3plus,15000000,direct_mail,0.91664293,0.272301369
3plus,16000000,direct_mail,0.92162593,0.272691178
3plus,17000000,direct_mail,0.926016443,0.273041939
3plus,18000000,direct_mail,0.929910852,0.273377995
3plus,19000000,direct_mail,0.933385864,0.273664159
3plus,20000000,direct_mail,0.936503005,0.273962359
3plus,0,emails - subscribed,0.0,0.0
3plus,1000000,emails - subscribed,0.318928658,0.121767484
3plus,2000000,emails - subscribed,0.529948679,0.187322048
3plus,3000000,emails - subscribed,0.646303007,0.213403215
3plus,4000000,emails - subscribed,0.718525373,0.227321994
3plus,5000000,emails - subscribed,0.767231431,0.236335191
3plus,6000000,emails - subscribed,0.80201871,0.242786194
3plus,7000000,emails - subscribed,0.827973177,0.247681279
3plus,8000000,emails - subscribed,0.848065484,0.25156293
3plus,9000000,emails - subscribed,0.864033441,0.254742678
3plus,10000000,emails - subscribed,0.877006119,0.257412905
3plus,11000000,emails - subscribed,0.887732914,0.259699025
3plus,12000000,emails - subscribed,0.896732278,0.261686981
3plus,13000000,emails - subscribed,0.904378488,0.263437831
3plus,14000000,emails - subscribed,0.910946647,0.264996557
3plus,15000000,emails - subscribed,0.91664293,0.266396362
3plus,16000000,emails - subscribed,0.92162593,0.267663517
3plus,17000000,emails - subscribed,0.926016443,0.26881823
3plus,18000000,emails - subscribed,0.929910852,0.269876585
3plus,19000000,emails - subscribed,0.933385864,0.270851374
3plus,20000000,emails - subscribed,0.936503005,0.271753949
3plus,0,search on retailer's website,0.0,0.0
3plus,1000000,search on retailer's website,0.318928658,0.202000913
3plus,2000000,search on retailer's website,0.529948679,0.239572822
3plus,3000000,search on retailer's website,0.646303007,0.254228347
3plus,4000000,search on retailer's website,0.718525373,0.262269634
3plus,5000000,search on retailer's website,0.767231431,0.267543454
3plus,6000000,search on retailer's website,0.80201871,0.271372459
3plus,7000000,search on retailer's website,0.827973177,0.274332171
3plus,8000000,search on retailer's website,0.848065484,0.276718057
3plus,9000000,search on retailer's website,0.864033441,0.278699249
3plus,10000000,search on retailer's website,0.877006119,0.280382816
3plus,11000000,search on retailer's website,0.887732914,0.281837552
3plus,12000000,search on retailer's website,0.896732278,0.283114977
3plus,13000000,search on retailer's website,0.904378488,0.284248833
3plus,14000000,search on retailer's website,0.910946647,0.285264316
3plus,15000000,search on retailer's website,0.91664293,0.286182175
3plus,16000000,search on retailer's website,0.92162593,0.28701971
3plus,17000000,search on retailer's website,0.926016443,0.287785247
3plus,18000000,search on retailer's website,0.929910852,0.288491919
3plus,19000000,search on retailer's website,0.933385864,0.289144716
3plus,20000000,search on retailer's website,0.936503005,0.289752725
3plus,0,in-store ads,0.0,0.0
3plus,1000000,in-store ads,0.318928658,0.05256507
3plus,2000000,in-store ads,0.529948679,0.108643719
3plus,3000000,in-store ads,0.646303007,0.155363101
3plus,4000000,in-store ads,0.718525373,0.193903092
3plus,5000000,in-store ads,0.767231431,0.22625605
3plus,6000000,in-store ads,0.80201871,0.25391329
3plus,7000000,in-store ads,0.827973177,0.277923043
3plus,8000000,in-store ads,0.848065484,0.298964591
3plus,9000000,in-store ads,0.864033441,0.317545564
3plus,10000000,in-store ads,0.877006119,0.334055503
3plus,11000000,in-store ads,0.887732914,0.34880003
3plus,12000000,in-store ads,0.896732278,0.362023732
3plus,13000000,in-store ads,0.904378488,0.373955848
3plus,14000000,in-store ads,0.910946647,0.384778986
3plus,15000000,in-store ads,0.91664293,0.394629985
3plus,16000000,in-store ads,0.92162593,0.403623505
3plus,17000000,in-store ads,0.926016443,0.411856899
3plus,18000000,in-store ads,0.929910852,0.419413502
3plus,19000000,in-store ads,0.933385864,0.426364957
3plus,20000000,in-store ads,0.936503005,0.432773772
3plus,0,promotions_on_retailer_website,0.0,0.0
3plus,1000000,promotions_on_retailer_website,0.318928658,0.132264504
3plus,2000000,promotions_on_retailer_website,0.529948679,0.180963959
3plus,3000000,promotions_on_retailer_website,0.646303007,0.205562813
3plus,4000000,promotions_on_retailer_website,0.718525373,0.220512916
3plus,5000000,promotions_on_retailer_website,0.767231431,0.230515174
3plus,6000000,promotions_on_retailer_website,0.80201871,0.237609409
3plus,7000000,promotions_on_retailer_website,0.827973177,0.242857369
3plus,8000000,promotions_on_retailer_website,0.848065484,0.246874812
3plus,9000000,promotions_on_retailer_website,0.864033441,0.25004268
3plus,10000000,promotions_on_retailer_website,0.877006119,0.25260717
3plus,11000000,promotions_on_retailer_website,0.887732914,0.254730702
3plus,12000000,promotions_on_retailer_website,0.896732278,0.256525524
3plus,13000000,promotions_on_retailer_website,0.904378488,0.258068759
3plus,14000000,promotions_on_retailer_website,0.910946647,0.259415666
3plus,15000000,promotions_on_retailer_website,0.91664293,0.260606767
3plus,16000000,promotions_on_retailer_website,0.92162593,0.261671021
3plus,17000000,promotions_on_retailer_website,0.926016443,0.26263048
3plus,18000000,promotions_on_retailer_website,0.929910852,0.26350337
3plus,19000000,promotions_on_retailer_website,0.933385864,0.264303381
3plus,20000000,promotions_on_retailer_website,0.936503005,0.265039462
3plus,0,affiliate / ambassador,0.0,0.0
3plus,1000000,affiliate / ambassador,0.318928658,0.063071037
3plus,2000000,affiliate / ambassador,0.529948679,0.06446729
3plus,3000000,affiliate / ambassador,0.646303007,0.065162548
3plus,4000000,affiliate / ambassador,0.718525373,0.065610521
3plus,5000000,affiliate / ambassador,0.767231431,0.065933225
3plus,6000000,affiliate / ambassador,0.80201871,0.066185935
3plus,7000000,affiliate / ambassador,0.827973177,0.066386906
3plus,8000000,affiliate / ambassador,0.848065484,0.066559378
3plus,9000000,affiliate / ambassador,0.864033441,0.066703221
3plus,10000000,affiliate / ambassador,0.877006119,0.066831161
3plus,11000000,affiliate / ambassador,0.887732914,0.066959092
3plus,12000000,affiliate / ambassador,0.896732278,0.067049419
3plus,13000000,affiliate / ambassador,0.904378488,0.067143284
3plus,14000000,affiliate / ambassador,0.910946647,0.067227592
3plus,15000000,affiliate / ambassador,0.91664293,0.067317712
3plus,16000000,affiliate / ambassador,0.92162593,0.067379014
3plus,17000000,affiliate / ambassador,0.926016443,0.067450608
3plus,18000000,affiliate / ambassador,0.929910852,0.067507454
3plus,19000000,affiliate / ambassador,0.933385864,0.067540442
3plus,20000000,affiliate / ambassador,0.936503005,0.067619997
3plus,0,reviews / recommendations - influencers,0.0,0.0
3plus,1000000,reviews / recommendations - influencers,0.318928658,0.047233156
3plus,2000000,reviews / recommendations - influencers,0.529948679,0.052406426
3plus,3000000,reviews / recommendations - influencers,0.646303007,0.054470387
3plus,4000000,reviews / recommendations - influencers,0.718525373,0.055683304
3plus,5000000,reviews / recommendations - influencers,0.767231431,0.056515334
3plus,6000000,reviews / recommendations - influencers,0.80201871,0.057136442
3plus,7000000,reviews / recommendations - influencers,0.827973177,0.057625403
3plus,8000000,reviews / recommendations - influencers,0.848065484,0.058024804
3plus,9000000,reviews / recommendations - influencers,0.864033441,0.058360585
3plus,10000000,reviews / recommendations - influencers,0.877006119,0.058649062
3plus,11000000,reviews / recommendations - influencers,0.887732914,0.058900396
3plus,12000000,reviews / recommendations - influencers,0.896732278,0.059122274
3plus,13000000,reviews / recommendations - influencers,0.904378488,0.059320558
3plus,14000000,reviews / recommendations - influencers,0.910946647,0.059499659
3plus,15000000,reviews / recommendations - influencers,0.91664293,0.059661818
3plus,16000000,reviews / recommendations - influencers,0.92162593,0.059810851
3plus,17000000,reviews / recommendations - influencers,0.926016443,0.059946696
3plus,18000000,reviews / recommendations - influencers,0.929910852,0.060073423
3plus,19000000,reviews / recommendations - influencers,0.933385864,0.060191177
3plus,20000000,reviews / recommendations - influencers,0.936503005,0.060301153
